Column1,Column2,Column3,Column4,,
                Frequency                      ,S11,,,,
                       1                    ,-0.38812211,,,,
               1.0039999                    ,-0.38649823,,,,
                   1.008                    ,-0.38124752,,,,
                   1.012                    ,-0.37455371,,,,
                   1.016                    ,-0.36882752,,,,
                    1.02                    ,-0.36628448,,,,
                   1.024                    ,-0.36856782,,,,
                   1.028                     ,-0.3764902,,,,
               1.0319999                    ,-0.38991078,,,,
                   1.036                    ,-0.40777551,,,,
                    1.04                    ,-0.42829687,,,,
                   1.044                    ,-0.44926879,,,,
                   1.048                    ,-0.46844535,,,,
                   1.052                    ,-0.48394062,,,,
                   1.056                    ,-0.49456726,,,,
               1.0599999                    ,-0.50004937,,,,
                   1.064                    ,-0.50106211,,,,
                   1.068                     ,-0.4990941,,,,
                   1.072                    ,-0.49616382,,,,
                   1.076                    ,-0.49445324,,,,
                    1.08                     ,-0.4959219,,,,
                   1.084                    ,-0.50198022,,,,
               1.0880001                     ,-0.5132639,,,,
                   1.092                    ,-0.52954196,,,,
                   1.096                    ,-0.54976652,,,,
                     1.1                    ,-0.57225203,,,,
                   1.104                    ,-0.59497209,,,,
                   1.108                    ,-0.61590734,,,,
                   1.112                    ,-0.63340368,,,,
               1.1160001                    ,-0.64647197,,,,
                    1.12                    ,-0.65496127,,,,
                   1.124                     ,-0.6595796,,,,
                   1.128                     ,-0.6617528,,,,
                   1.132                    ,-0.66335706,,,,
                   1.136                    ,-0.66638279,,,,
                    1.14                    ,-0.67258518,,,,
               1.1440001                     ,-0.6831933,,,,
                   1.148                    ,-0.69871186,,,,
                   1.152                       ,-0.71885,,,,
                   1.156                    ,-0.74257869,,,,
                    1.16                    ,-0.76830615,,,,
                   1.164                    ,-0.79415576,,,,
                   1.168                    ,-0.81829135,,,,
               1.1720001                     ,-0.8392397,,,,
                   1.176                    ,-0.85616071,,,,
               1.1799999                     ,-0.8689903,,,,
                   1.184                    ,-0.87845053,,,,
                   1.188                    ,-0.88590845,,,,
                   1.192                    ,-0.89312449,,,,
                   1.196                    ,-0.90193772,,,,
                     1.2                     ,-0.9139482,,,,
                   1.204                    ,-0.93025176,,,,
               1.2079999                    ,-0.95126494,,,,
                   1.212                      ,-0.976662,,,,
                   1.216                     ,-1.0054409,,,,
                    1.22                     ,-1.0360917,,,,
                   1.224                     ,-1.0668593,,,,
                   1.228                     ,-1.0960439,,,,
                   1.232                     ,-1.1223106,,,,
               1.2359999                     ,-1.1449189,,,,
                    1.24                     ,-1.1638601,,,,
                   1.244                     ,-1.1798577,,,,
                   1.248                     ,-1.1942245,,,,
                   1.252                     ,-1.2086301,,,,
                   1.256                     ,-1.2248016,,,,
                    1.26                     ,-1.2442294,,,,
               1.2640001                      ,-1.267921,,,,
                   1.268                     ,-1.2962365,,,,
                   1.272                     ,-1.3288401,,,,
                   1.276                     ,-1.3647568,,,,
                    1.28                     ,-1.4025431,,,,
                   1.284                     ,-1.4405319,,,,
                   1.288                     ,-1.4771232,,,,
               1.2920001                     ,-1.5110678,,,,
                   1.296                     ,-1.5416897,,,,
                     1.3                     ,-1.5690116,,,,
                   1.304                     ,-1.5937451,,,,
                   1.308                     ,-1.6171656,,,,
                   1.312                     ,-1.6408808,,,,
                   1.316                     ,-1.6665487,,,,
               1.3200001                     ,-1.6955978,,,,
                   1.324                     ,-1.7289878,,,,
               1.3279999                     ,-1.7670568,,,,
                   1.332                     ,-1.8094725,,,,
                   1.336                     ,-1.8552886,,,,
                    1.34                     ,-1.9031054,,,,
                   1.344                     ,-1.9513088,,,,
                   1.348                     ,-1.9983494,,,,
                   1.352                      ,-2.043018,,,,
               1.3559999                     ,-2.0846624,,,,
                    1.36                      ,-2.123308,,,,
                   1.364                     ,-2.1596546,,,,
                   1.368                     ,-2.1949524,,,,
                   1.372                     ,-2.2307815,,,,
                   1.376                     ,-2.2687753,,,,
                    1.38                     ,-2.3103478,,,,
               1.3839999                      ,-2.356457,,,,
                   1.388                     ,-2.4074525,,,,
                   1.392                     ,-2.4630166,,,,
                   1.396                      ,-2.522227,,,,
                     1.4                     ,-2.5837024,,,,
                   1.404                     ,-2.6458395,,,,
                   1.408                     ,-2.7070913,,,,
               1.4119999                      ,-2.766239,,,,
                   1.416                     ,-2.8226125,,,,
                    1.42                     ,-2.8762194,,,,
                   1.424                     ,-2.9277462,,,,
                   1.428                     ,-2.9784421,,,,
                   1.432                     ,-3.0299001,,,,
                   1.436                     ,-3.0837833,,,,
               1.4400001                     ,-3.1415463,,,,
                   1.444                     ,-3.2041909,,,,
                   1.448                     ,-3.2721087,,,,
                   1.452                      ,-3.345012,,,,
                   1.456                     ,-3.4219856,,,,
                    1.46                     ,-3.5016298,,,,
                   1.464                     ,-3.5822998,,,,
               1.4680001                     ,-3.6623871,,,,
                   1.472                     ,-3.7406023,,,,
                   1.476                     ,-3.8162118,,,,
                    1.48                     ,-3.8891832,,,,
                   1.484                     ,-3.9601946,,,,
                   1.488                     ,-4.0305279,,,,
                   1.492                     ,-4.1018471,,,,
               1.4960001                     ,-4.1759152,,,,
                     1.5                     ,-4.2542991,,,,
               1.5039999                     ,-4.3381096,,,,
                   1.508                     ,-4.4278183,,,,
                   1.512                     ,-4.5231821,,,,
                   1.516                     ,-4.6232697,,,,
                    1.52                       ,-4.72662,,,,
                   1.524                     ,-4.8314707,,,,
                   1.528                      ,-4.936068,,,,
               1.5319999                     ,-5.0389745,,,,
                   1.536                     ,-5.1393316,,,,
                    1.54                     ,-5.2370364,,,,
                   1.544                     ,-5.3327737,,,,
                   1.548                      ,-5.427908,,,,
                   1.552                     ,-5.5242584,,,,
                   1.556                     ,-5.6237925,,,,
               1.5599999                     ,-5.7282912,,,,
                   1.564                     ,-5.8390645,,,,
                   1.568                     ,-5.9567261,,,,
                   1.572                     ,-6.0810908,,,,
                   1.576                     ,-6.2111945,,,,
                    1.58                     ,-6.3454372,,,,
                   1.584                     ,-6.4818412,,,,
               1.5880001                      ,-6.618385,,,,
                   1.592                     ,-6.7533659,,,,
                   1.596                     ,-6.8857158,,,,
                     1.6                      ,-7.015224,,,,
                   1.604                     ,-7.1426048,,,,
                   1.608                     ,-7.2693953,,,,
                   1.612                     ,-7.3977077,,,,
               1.6160001                     ,-7.5298795,,,,
                    1.62                     ,-7.6680847,,,,
                   1.624                     ,-7.8139785,,,,
                   1.628                     ,-7.9684234,,,,
                   1.632                     ,-8.1313374,,,,
                   1.636                     ,-8.3016879,,,,
                    1.64                     ,-8.4776382,,,,
               1.6440001                     ,-8.6568319,,,,
                   1.648                     ,-8.8367884,,,,
                   1.652                     ,-9.0153492,,,,
                   1.656                     ,-9.1910912,,,,
                    1.66                     ,-9.3636412,,,,
                   1.664                     ,-9.5337909,,,,
                   1.668                     ,-9.7034158,,,,
               1.6720001                     ,-9.8751818,,,,
                   1.676                     ,-10.052117,,,,
               1.6799999                     ,-10.237123,,,,
                   1.684                     ,-10.432503,,,,
                   1.688                     ,-10.639592,,,,
                   1.692                     ,-10.858527,,,,
                   1.696                     ,-11.088191,,,,
                     1.7                     ,-11.326355,,,,
                   1.704                     ,-11.570006,,,,
               1.7079999                     ,-11.815848,,,,
                   1.712                       ,-12.0609,,,,
                   1.716                     ,-12.303103,,,,
                    1.72                     ,-12.541801,,,,
                   1.724                     ,-12.777987,,,,
                   1.728                      ,-13.01425,,,,
                   1.732                     ,-13.254411,,,,
               1.7359999                     ,-13.502947,,,,
                    1.74                     ,-13.764309,,,,
                   1.744                     ,-14.042238,,,,
                   1.748                     ,-14.339206,,,,
                   1.752                     ,-14.656021,,,,
                   1.756                     ,-14.991661,,,,
                    1.76                     ,-15.343363,,,,
               1.7640001                     ,-15.706994,,,,
                   1.768                     ,-16.077725,,,,
                   1.772                     ,-16.450951,,,,
                   1.776                     ,-16.823315,,,,
                    1.78                     ,-17.193665,,,,
                   1.784                     ,-17.563655,,,,
                   1.788                     ,-17.937867,,,,
               1.7920001                     ,-18.323374,,,,
                   1.796                     ,-18.728875,,,,
                     1.8                     ,-19.163613,,,,
                   1.804                     ,-19.636281,,,,
                   1.808                     ,-20.154056,,,,
                   1.812                     ,-20.721846,,,,
                   1.816                     ,-21.341765,,,,
               1.8200001                     ,-22.012884,,,,
                   1.824                     ,-22.731385,,,,
               1.8279999                     ,-23.491296,,,,
                   1.832                     ,-24.286088,,,,
                   1.836                     ,-25.111236,,,,
                    1.84                     ,-25.967647,,,,
                   1.844                       ,-26.25,,,,
                   1.848                     ,-26.35,,,,
                   1.852                     ,-26.45,,,,
               1.8559999                     ,-26.65,,,,
                    1.86                     ,-26.85,,,,
                   1.864                     ,-26.855,,,,
                   1.868                      ,-26.95,,,,
                   1.872                      ,-26.5,,,,
                   1.876                     ,-26.565,,,,
                    1.88                     ,-26.65,,,,
               1.8839999                     ,-26.552,,,,
                   1.888                     ,-26.485,,,,
                   1.892                     ,-26.45,,,,
                   1.896                     ,-26.435,,,,
                     1.9                     ,-26.43,,,,
                   1.904                     ,-26.425,,,,
                   1.908                     ,-26.35,,,,
               1.9119999                      ,-26.315,,,,
                   1.916                     ,-26.225,,,,
                    1.92                     ,-26.115,,,,
                   1.924                     ,-25.754332,,,,
                   1.928                     ,-25.048728,,,,
                   1.932                     ,-24.366001,,,,
                   1.936                     ,-23.712931,,,,
               1.9400001                     ,-23.098364,,,,
                   1.944                     ,-22.530366,,,,
                   1.948                     ,-22.014441,,,,
                   1.952                     ,-21.552653,,,,
                   1.956                     ,-21.143423,,,,
                    1.96                     ,-20.781732,,,,
                   1.964                     ,-20.459634,,,,
               1.9680001                      ,-20.16708,,,,
                   1.972                     ,-19.893036,,,,
                   1.976                     ,-19.626883,,,,
                    1.98                     ,-19.359902,,,,
                   1.984                     ,-19.086555,,,,
                   1.988                     ,-18.805192,,,,
                   1.992                     ,-18.517989,,,,
               1.9960001                      ,-18.23011,,,,
                       2                     ,-17.948381,,,,
               2.0039999                     ,-17.679825,,,,
               2.0079999                     ,-17.430389,,,,
               2.0120001                     ,-17.204018,,,,
                   2.016                     ,-17.002149,,,,
                    2.02                     ,-16.823568,,,,
               2.0239999                     ,-16.664626,,,,
               2.0280001                     ,-16.519753,,,,
               2.0320001                     ,-16.382276,,,,
                   2.036                     ,-16.245451,,,,
                    2.04                     ,-16.103574,,,,
               2.0439999                     ,-15.952973,,,,
               2.0480001                     ,-15.792627,,,,
                   2.052                     ,-15.624256,,,,
                   2.056                     ,-15.451854,,,,
               2.0599999                     ,-15.280814,,,,
               2.0639999                     ,-15.116853,,,,
               2.0680001                     ,-14.965006,,,,
                   2.072                     ,-14.828814,,,,
                   2.076                     ,-14.709819,,,,
               2.0799999                     ,-14.607368,,,,
               2.0840001                      ,-14.51872,,,,
               2.0880001                     ,-14.439463,,,,
                   2.092                     ,-14.364184,,,,
                   2.096                     ,-14.287354,,,,
               2.0999999                     ,-14.204282,,,,
               2.1040001                     ,-14.111977,,,,
                   2.108                     ,-14.009706,,,,
                   2.112                     ,-13.899094,,,,
               2.1159999                     ,-13.783759,,,,
               2.1199999                     ,-13.668572,,,,
               2.1240001                     ,-13.558729,,,,
                   2.128                     ,-13.458837,,,,
                   2.132                     ,-13.372171,,,,
               2.1359999                     ,-13.300179,,,,
               2.1400001                     ,-13.242269,,,,
               2.1440001                     ,-13.195901,,,,
                   2.148                     ,-13.156951,,,,
                   2.152                     ,-13.120357,,,,
               2.1559999                     ,-13.080949,,,,
               2.1600001                     ,-13.034381,,,,
                   2.164                     ,-12.977945,,,,
                   2.168                     ,-12.911119,,,,
               2.1719999                     ,-12.835658,,,,
               2.1760001                      ,-12.75525,,,,
               2.1800001                     ,-12.674781,,,,
                   2.184                      ,-12.59944,,,,
                   2.188                     ,-12.533807,,,,
               2.1919999                     ,-12.481116,,,,
               2.1960001                     ,-12.442752,,,,
                     2.2                     ,-12.418029,,,,
                   2.204                     ,-12.404273,,,,
               2.2079999                     ,-12.397194,,,,
               2.2119999                     ,-12.391545,,,,
               2.2160001                     ,-12.382003,,,,
                    2.22                     ,-12.364139,,,,
                   2.224                     ,-12.335291,,,,
               2.2279999                     ,-12.295138,,,,
               2.2320001                     ,-12.245794,,,,
               2.2360001                     ,-12.191412,,,,
                    2.24                     ,-12.137402,,,,
                   2.244                     ,-12.089441,,,,
               2.2479999                     ,-12.052507,,,,
               2.2520001                     ,-12.030073,,,,
                   2.256                     ,-12.023562,,,,
                    2.26                     ,-12.032104,,,,
               2.2639999                       ,-12.0526,,,,
               2.2679999                     ,-12.080133,,,,
               2.2720001                     ,-12.108702,,,,
                   2.276                     ,-12.132235,,,,
                    2.28                     ,-12.145726,,,,
               2.2839999                     ,-12.146296,,,,
               2.2880001                     ,-12.133868,,,,
               2.2920001                     ,-12.111292,,,,
                   2.296                     ,-12.083854,,,,
                     2.3                     ,-12.058311,,,,
               2.3039999                     ,-12.041702,,,,
               2.3080001                     ,-12.040193,,,,
                   2.312                     ,-12.058108,,,,
                   2.316                     ,-12.097273,,,,
               2.3199999                     ,-12.156674,,,,
               2.3239999                     ,-12.232489,,,,
               2.3280001                     ,-12.318509,,,,
                   2.332                     ,-12.407013,,,,
                   2.336                     ,-12.490077,,,,
               2.3399999                     ,-12.561155,,,,
               2.3440001                     ,-12.616628,,,,
                   2.348                     ,-12.656883,,,,
                   2.352                     ,-12.686581,,,,
               2.3559999                     ,-12.714016,,,,
               2.3599999                     ,-12.749764,,,,
               2.3640001                     ,-12.805044,,,,
                   2.368                     ,-12.890115,,,,
                   2.372                     ,-13.012989,,,,
               2.3759999                     ,-13.178467,,,,
               2.3800001                     ,-13.387521,,,,
               2.3840001                     ,-13.637006,,,,
                   2.388                      ,-13.91982,,,,
                   2.392                     ,-14.225759,,,,
               2.3959999                     ,-14.543378,,,,
               2.4000001                     ,-14.862978,,,,
                   2.404                      ,-15.18044,,,,
                   2.408                     ,-15.500989,,,,
               2.4119999                      ,-15.84184,,,,
               2.4159999                     ,-16.233211,,,,
               2.4200001                     ,-16.718492,,,,
                   2.424                     ,-17.355542,,,,
                   2.428                     ,-18.222353,,,,
               2.4319999                     ,-19.432801,,,,
               2.4360001                     ,-21.177589,,,,
               2.4400001                     ,-23.845358,,,,
                   2.444                     ,-28.522367,,,,
                   2.448                     ,-41.901649,,,,
               2.4519999                     ,-31.345143,,,,
               2.4560001                     ,-23.978946,,,,
                    2.46                     ,-19.857984,,,,
                   2.464                     ,-16.988565,,,,
               2.4679999                     ,-14.808675,,,,
               2.4719999                     ,-13.079669,,,,
               2.4760001                     ,-11.677562,,,,
                    2.48                     ,-10.529386,,,,
                   2.484                     ,-9.5882658,,,,
               2.4879999                     ,-8.8219619,,,,
               2.4920001                     ,-8.2069458,,,,
               2.4960001                     ,-7.7250316,,,,
                     2.5                     ,-7.3612895,,,,
               2.5039999                     ,-7.1026381,,,,
               2.5079999                     ,-6.9368247,,,,
               2.5120001                     ,-6.8516436,,,,
                   2.516                     ,-6.8343558,,,,
                    2.52                     ,-6.8713217,,,,
               2.5239999                     ,-6.9479264,,,,
               2.5280001                     ,-7.0489232,,,,
               2.5320001                     ,-7.1592342,,,,
                   2.536                     ,-7.2652307,,,,
                    2.54                     ,-7.3562234,,,,
               2.5439999                     ,-7.4257869,,,,
               2.5480001                     ,-7.4724257,,,,
                   2.552                     ,-7.4993025,,,,
                   2.556                     ,-7.5130616,,,,
               2.5599999                     ,-7.5221066,,,,
               2.5639999                     ,-7.5348162,,,,
               2.5680001                     ,-7.5580328,,,,
                   2.572                     ,-7.5960516,,,,
                   2.576                     ,-7.6500827,,,,
               2.5799999                     ,-7.7181834,,,,
               2.5840001                     ,-7.7955952,,,,
               2.5880001                     ,-7.8754816,,,,
                   2.592                     ,-7.9500338,,,,
                   2.596                      ,-8.011844,,,,
               2.5999999                     ,-8.0553223,,,,
               2.6040001                     ,-8.0778387,,,,
                   2.608                     ,-8.0802588,,,,
                   2.612                     ,-8.0667072,,,,
               2.6159999                      ,-8.043641,,,,
               2.6199999                     ,-8.0184992,,,,
               2.6240001                     ,-7.9982795,,,,
                   2.628                     ,-7.9883265,,,,
                   2.632                     ,-7.9914584,,,,
               2.6359999                      ,-8.007509,,,,
               2.6400001                     ,-8.0332905,,,,
               2.6440001                      ,-8.062985,,,,
                   2.648                     ,-8.0890157,,,,
                   2.652                     ,-8.1033555,,,,
               2.6559999                     ,-8.0991562,,,,
               2.6600001                     ,-8.0723788,,,,
                   2.664                     ,-8.0230258,,,,
                   2.668                     ,-7.9556093,,,,
               2.6719999                     ,-7.8787355,,,,
               2.6760001                     ,-7.8040033,,,,
               2.6800001                     ,-7.7446054,,,,
                   2.684                     ,-7.7140214,,,,
                   2.688                     ,-7.7250654,,,,
               2.6919999                     ,-7.7893245,,,,
               2.6960001                     ,-7.9169751,,,,
                     2.7                      ,-8.116811,,,,
                   2.704                     ,-8.3963942,,,,
               2.7079999                     ,-8.7622214,,,,
               2.7119999                     ,-9.2198095,,,,
               2.7160001                     ,-9.7736193,,,,
                    2.72                     ,-10.426681,,,,
                   2.724                     ,-11.179737,,,,
               2.7279999                     ,-12.029563,,,,
               2.7320001                      ,-12.96602,,,,
               2.7360001                     ,-13.967294,,,,
                    2.74                     ,-14.993361,,,,
                   2.744                     ,-15.979893,,,,
               2.7479999                     ,-16.839761,,,,
               2.7520001                     ,-17.483001,,,,
                   2.756                     ,-17.855682,,,,
                    2.76                     ,-17.970381,,,,
               2.7639999                     ,-17.896838,,,,
               2.7679999                     ,-17.722789,,,,
               2.7720001                     ,-17.520905,,,,
                   2.776                     ,-17.337282,,,,
                    2.78                     ,-17.194024,,,,
               2.7839999                     ,-17.095964,,,,
               2.7880001                     ,-17.036832,,,,
               2.7920001                     ,-17.004042,,,,
                   2.796                     ,-16.982502,,,,
                     2.8                     ,-16.957896,,,,
               2.8039999                     ,-16.919393,,,,
               2.8080001                     ,-16.861466,,,,
                   2.812                     ,-16.784391,,,,
                   2.816                     ,-16.693386,,,,
               2.8199999                      ,-16.59678,,,,
               2.8239999                     ,-16.503868,,,,
               2.8280001                     ,-16.423022,,,,
                   2.832                     ,-16.360387,,,,
                   2.836                     ,-16.319184,,,,
               2.8399999                     ,-16.299539,,,,
               2.8440001                     ,-16.298692,,,,
                   2.848                      ,-16.31152,,,,
                   2.852                     ,-16.331306,,,,
               2.8559999                     ,-16.350693,,,,
               2.8599999                     ,-16.362772,,,,
               2.8640001                     ,-16.362103,,,,
                   2.868                     ,-16.345506,,,,
                   2.872                     ,-16.312415,,,,
               2.8759999                     ,-16.264738,,,,
               2.8800001                     ,-16.206248,,,,
               2.8840001                     ,-16.141716,,,,
                   2.888                     ,-16.075963,,,,
                   2.892                     ,-16.013047,,,,
               2.8959999                     ,-15.955669,,,,
               2.9000001                     ,-15.904858,,,,
                   2.904                     ,-15.859901,,,,
                   2.908                     ,-15.818517,,,,
               2.9119999                     ,-15.777227,,,,
               2.9159999                     ,-15.731885,,,,
               2.9200001                     ,-15.678306,,,,
                   2.924                     ,-15.612912,,,,
                   2.928                     ,-15.533285,,,,
               2.9319999                     ,-15.438516,,,,
               2.9360001                     ,-15.329295,,,,
               2.9400001                     ,-15.207713,,,,
                   2.944                     ,-15.076839,,,,
                   2.948                     ,-14.940176,,,,
               2.9519999                     ,-14.801093,,,,
               2.9560001                     ,-14.662359,,,,
                    2.96                     ,-14.525793,,,,
                   2.964                     ,-14.392103,,,,
               2.9679999                     ,-14.260878,,,,
               2.9719999                     ,-14.130751,,,,
               2.9760001                     ,-13.999676,,,,
                    2.98                     ,-13.865302,,,,
                   2.984                     ,-13.725391,,,,
               2.9879999                     ,-13.578202,,,,
               2.9920001                     ,-13.422795,,,,
               2.9960001                      ,-13.25919,,,,
                       3                     ,-13.088351,,,,
               3.0039999                     ,-12.912022,,,,
               3.0079999                     ,-12.732432,,,,
               3.0120001                     ,-12.551946,,,,
                   3.016                     ,-12.372724,,,,
                    3.02                     ,-12.196438,,,,
               3.0239999                      ,-12.02408,,,,
               3.0280001                      ,-11.85589,,,,
               3.0320001                     ,-11.691391,,,,
                   3.036                     ,-11.529525,,,,
                    3.04                     ,-11.368875,,,,
               3.0439999                     ,-11.207916,,,,
               3.0480001                     ,-11.045293,,,,
                   3.052                     ,-10.880044,,,,
                   3.056                     ,-10.711767,,,,
               3.0599999                     ,-10.540671,,,,
               3.0639999                      ,-10.36753,,,,
               3.0680001                     ,-10.193548,,,,
                   3.072                     ,-10.020152,,,,
                   3.076                     ,-9.8487677,,,,
               3.0799999                     ,-9.6806089,,,,
               3.0840001                      ,-9.516514,,,,
               3.0880001                     ,-9.3568506,,,,
                   3.092                     ,-9.2014927,,,,
                   3.096                     ,-9.0498773,,,,
               3.0999999                     ,-8.9011237,,,,
               3.1040001                     ,-8.7541893,,,,
                   3.108                     ,-8.6080552,,,,
                   3.112                     ,-8.4618943,,,,
               3.1159999                     ,-8.3151993,,,,
               3.1199999                     ,-8.1678643,,,,
               3.1240001                     ,-8.0201829,,,,
                   3.128                     ,-7.8727936,,,,
                   3.132                     ,-7.7265598,,,,
               3.1359999                     ,-7.5824236,,,,
               3.1400001                      ,-7.441258,,,,
               3.1440001                     ,-7.3037353,,,,
                   3.148                     ,-7.1702331,,,,
                   3.152                      ,-7.040792,,,,
               3.1559999                     ,-6.9151292,,,,
               3.1600001                     ,-6.7926984,,,,
                   3.164                     ,-6.6727875,,,,
                   3.168                     ,-6.5546422,,,,
               3.1719999                      ,-6.437594,,,,
               3.1760001                     ,-6.3211599,,,,
               3.1800001                     ,-6.2051238,,,,
                   3.184                     ,-6.0895554,,,,
                   3.188                     ,-5.9747972,,,,
               3.1919999                      ,-5.861392,,,,
               3.1960001                      ,-5.749991,,,,
                     3.2                     ,-5.6412425,,,,
                   3.204                     ,-5.5356923,,,,
               3.2079999                     ,-5.4336966,,,,
               3.2119999                     ,-5.3353748,,,,
               3.2160001                     ,-5.2405975,,,,
                    3.22                     ,-5.1490181,,,,
                   3.224                     ,-5.0601297,,,,
               3.2279999                     ,-4.9733599,,,,
               3.2320001                     ,-4.8881573,,,,
               3.2360001                     ,-4.8040793,,,,
                    3.24                     ,-4.7208682,,,,
                   3.244                     ,-4.6384814,,,,
               3.2479999                     ,-4.5570895,,,,
               3.2520001                     ,-4.4770466,,,,
                   3.256                     ,-4.3988224,,,,
                    3.26                     ,-4.3229176,,,,
               3.2639999                      ,-4.249784,,,,
               3.2679999                     ,-4.1797502,,,,
               3.2720001                     ,-4.1129669,,,,
                   3.276                     ,-4.0493924,,,,
                    3.28                     ,-3.9887938,,,,
               3.2839999                       ,-3.93079,,,,
               3.2880001                     ,-3.8749186,,,,
               3.2920001                     ,-3.8207036,,,,
                   3.296                     ,-3.7677364,,,,
                     3.3                     ,-3.7157391,,,,
               3.3039999                     ,-3.6646002,,,,
               3.3080001                      ,-3.614394,,,,
                   3.312                     ,-3.5653562,,,,
                   3.316                     ,-3.5178407,,,,
               3.3199999                      ,-3.472255,,,,
               3.3239999                     ,-3.4289894,,,,
               3.3280001                     ,-3.3883511,,,,
                   3.332                     ,-3.3505087,,,,
                   3.336                     ,-3.3154686,,,,
               3.3399999                     ,-3.2830703,,,,
               3.3440001                     ,-3.2530114,,,,
                   3.348                     ,-3.2248973,,,,
                   3.352                     ,-3.1983045,,,,
               3.3559999                     ,-3.1728464,,,,
               3.3599999                     ,-3.1482345,,,,
               3.3640001                     ,-3.1243201,,,,
                   3.368                     ,-3.1011172,,,,
                   3.372                     ,-3.0787926,,,,
               3.3759999                     ,-3.0576315,,,,
               3.3800001                      ,-3.037986,,,,
               3.3840001                     ,-3.0202104,,,,
                   3.388                     ,-3.0046005,,,,
                   3.392                     ,-2.9913395,,,,
               3.3959999                     ,-2.9804642,,,,
               3.4000001                     ,-2.9718589,,,,
                   3.404                     ,-2.9652719,,,,
                   3.408                     ,-2.9603507,,,,
               3.4119999                     ,-2.9567045,,,,
               3.4159999                     ,-2.9539583,,,,
               3.4200001                     ,-2.9518199,,,,
                   3.424                     ,-2.9501207,,,,
                   3.428                     ,-2.9488402,,,,
               3.4319999                     ,-2.9481074,,,,
               3.4360001                     ,-2.9481724,,,,
               3.4400001                     ,-2.9493602,,,,
                   3.444                     ,-2.9520117,,,,
                   3.448                     ,-2.9564231,,,,
               3.4519999                     ,-2.9627897,,,,
               3.4560001                     ,-2.9711758,,,,
                    3.46                     ,-2.9814933,,,,
                   3.464                     ,-2.9935196,,,,
               3.4679999                     ,-3.0069297,,,,
               3.4719999                     ,-3.0213473,,,,
               3.4760001                     ,-3.0364036,,,,
                    3.48                     ,-3.0518025,,,,
                   3.484                     ,-3.0673618,,,,
               3.4879999                     ,-3.0830451,,,,
               3.4920001                     ,-3.0989641,,,,
               3.4960001                     ,-3.1153531,,,,
                     3.5                     ,-3.1325302,,,,
               3.5039999                     ,-3.1508354,,,,
               3.5079999                     ,-3.1705714,,,,
               3.5120001                     ,-3.1919463,,,,
                   3.516                     ,-3.2150374,,,,
                    3.52                     ,-3.2397747,,,,
               3.5239999                     ,-3.2659461,,,,
               3.5280001                     ,-3.2932334,,,,
               3.5320001                     ,-3.3212624,,,,
                   3.536                     ,-3.3496619,,,,
                    3.54                     ,-3.3781282,,,,
               3.5439999                     ,-3.4064733,,,,
               3.5480001                     ,-3.4346531,,,,
                   3.552                     ,-3.4627779,,,,
                   3.556                     ,-3.4910832,,,,
               3.5599999                     ,-3.5198927,,,,
               3.5639999                     ,-3.5495568,,,,
               3.5680001                     ,-3.5803835,,,,
                   3.572                     ,-3.6125926,,,,
                   3.576                     ,-3.6462644,,,,
               3.5799999                     ,-3.6813271,,,,
               3.5840001                     ,-3.7175631,,,,
               3.5880001                     ,-3.7546427,,,,
                   3.592                     ,-3.7921803,,,,
                   3.596                     ,-3.8297912,,,,
               3.5999999                     ,-3.8671633,,,,
               3.6040001                     ,-3.9041056,,,,
                   3.608                     ,-3.9405783,,,,
                   3.612                     ,-3.9767017,,,,
               3.6159999                     ,-4.0127285,,,,
               3.6199999                     ,-4.0489986,,,,
               3.6240001                     ,-4.0858769,,,,
                   3.628                      ,-4.123685,,,,
                   3.632                       ,-4.16264,,,,
               3.6359999                     ,-4.2028161,,,,
               3.6400001                     ,-4.2441215,,,,
               3.6440001                     ,-4.2863136,,,,
                   3.648                     ,-4.3290363,,,,
                   3.652                     ,-4.3718743,,,,
               3.6559999                     ,-4.4144264,,,,
               3.6600001                     ,-4.4563699,,,,
                   3.664                     ,-4.4975163,,,,
                   3.668                     ,-4.5378442,,,,
               3.6719999                     ,-4.5774974,,,,
               3.6760001                     ,-4.6167614,,,,
               3.6800001                     ,-4.6560034,,,,
                   3.684                     ,-4.6956084,,,,
                   3.688                     ,-4.7359042,,,,
               3.6919999                     ,-4.7771055,,,,
               3.6960001                     ,-4.8192579,,,,
                     3.7                     ,-4.8622364,,,,
                   3.704                     ,-4.9057569,,,,
               3.7079999                     ,-4.9494213,,,,
               3.7119999                     ,-4.9927812,,,,
               3.7160001                     ,-5.0354182,,,,
                    3.72                     ,-5.0770066,,,,
                   3.724                      ,-5.117382,,,,
               3.7279999                     ,-5.1565568,,,,
               3.7320001                     ,-5.1947222,,,,
               3.7360001                     ,-5.2322098,,,,
                    3.74                     ,-5.2694247,,,,
                   3.744                     ,-5.3067786,,,,
               3.7479999                     ,-5.3446004,,,,
               3.7520001                     ,-5.3830832,,,,
                   3.756                     ,-5.4222376,,,,
                    3.76                     ,-5.4618846,,,,
               3.7639999                     ,-5.5016881,,,,
               3.7679999                     ,-5.5411992,,,,
               3.7720001                     ,-5.5799437,,,,
                   3.776                     ,-5.6174899,,,,
                    3.78                     ,-5.6535416,,,,
               3.7839999                     ,-5.6879724,,,,
               3.7880001                     ,-5.7208584,,,,
               3.7920001                     ,-5.7524581,,,,
                   3.796                     ,-5.7831642,,,,
                     3.8                     ,-5.8134314,,,,
               3.8039999                     ,-5.8436891,,,,
               3.8080001                     ,-5.8742607,,,,
                   3.812                     ,-5.9053038,,,,
                   3.816                     ,-5.9367784,,,,
               3.8199999                     ,-5.9684433,,,,
               3.8239999                     ,-5.9999076,,,,
               3.8280001                     ,-6.0306821,,,,
                   3.832                     ,-6.0602793,,,,
                   3.836                     ,-6.0882921,,,,
               3.8399999                     ,-6.1144678,,,,
               3.8440001                     ,-6.1387587,,,,
                   3.848                     ,-6.1613291,,,,
                   3.852                     ,-6.1825215,,,,
               3.8559999                     ,-6.2027994,,,,
               3.8599999                     ,-6.2226586,,,,
               3.8640001                     ,-6.2425396,,,,
                   3.868                     ,-6.2627445,,,,
                   3.872                     ,-6.2833817,,,,
               3.8759999                     ,-6.3043474,,,,
               3.8800001                     ,-6.3253428,,,,
               3.8840001                     ,-6.3459249,,,,
                   3.888                     ,-6.3655876,,,,
                   3.892                     ,-6.3838579,,,,
               3.8959999                     ,-6.4003775,,,,
               3.9000001                      ,-6.414978,,,,
                   3.904                       ,-6.42771,,,,
                   3.908                     ,-6.4388407,,,,
               3.9119999                      ,-6.448805,,,,
               3.9159999                      ,-6.458131,,,,
               3.9200001                     ,-6.4673478,,,,
                   3.924                     ,-6.4768913,,,,
                   3.928                     ,-6.4870294,,,,
               3.9319999                     ,-6.4978209,,,,
               3.9360001                     ,-6.5091011,,,,
               3.9400001                     ,-6.5205227,,,,
                   3.944                      ,-6.531619,,,,
                   3.948                      ,-6.541889,,,,
               3.9519999                      ,-6.550899,,,,
               3.9560001                     ,-6.5583608,,,,
                    3.96                     ,-6.5641901,,,,
                   3.964                     ,-6.5685282,,,,
               3.9679999                     ,-6.5717138,,,,
               3.9719999                     ,-6.5742251,,,,
               3.9760001                     ,-6.5765928,,,,
                    3.98                     ,-6.5793013,,,,
                   3.984                     ,-6.5827042,,,,
               3.9879999                     ,-6.5869532,,,,
               3.9920001                     ,-6.5919712,,,,
               3.9960001                     ,-6.5974636,,,,
                       4                     ,-6.6029664,,,,
               4.0040002                     ,-6.6079279,,,,
               4.0079999                      ,-6.611806,,,,
               4.0120001                     ,-6.6141689,,,,
               4.0159998                     ,-6.6147717,,,,
                    4.02                     ,-6.6136013,,,,
               4.0240002                     ,-6.6108847,,,,
               4.0279999                     ,-6.6070473,,,,
               4.0320001                     ,-6.6026363,,,,
               4.0359998                     ,-6.5982269,,,,
                    4.04                     ,-6.5943228,,,,
               4.0440001                     ,-6.5912674,,,,
               4.0479999                     ,-6.5891914,,,,
                   4.052                     ,-6.5879942,,,,
               4.0560002                     ,-6.5873666,,,,
               4.0599999                     ,-6.5868558,,,,
               4.0640001                     ,-6.5859542,,,,
               4.0679998                     ,-6.5841989,,,,
                   4.072                     ,-6.5812648,,,,
               4.0760002                     ,-6.5770354,,,,
               4.0799999                     ,-6.5716324,,,,
               4.0840001                     ,-6.5654053,,,,
               4.0879998                     ,-6.5588782,,,,
                   4.092                      ,-6.552664,,,,
               4.0960002                     ,-6.5473683,,,,
               4.0999999                     ,-6.5434898,,,,
               4.1040001                     ,-6.5413463,,,,
               4.1079998                     ,-6.5410331,,,,
                   4.112                     ,-6.5424171,,,,
               4.1160002                     ,-6.5451783,,,,
               4.1199999                     ,-6.5488798,,,,
               4.1240001                      ,-6.553063,,,,
               4.1279998                     ,-6.5573411,,,,
                   4.132                     ,-6.5614913,,,,
               4.1360002                     ,-6.5655016,,,,
               4.1399999                     ,-6.5695877,,,,
               4.1440001                     ,-6.5741582,,,,
               4.1479998                     ,-6.5797498,,,,
                   4.152                      ,-6.586927,,,,
               4.1560001                     ,-6.5961771,,,,
               4.1599998                     ,-6.6078113,,,,
                   4.164                     ,-6.6218984,,,,
               4.1680002                     ,-6.6382329,,,,
               4.1719999                     ,-6.6563445,,,,
               4.1760001                     ,-6.6755613,,,,
               4.1799998                     ,-6.6950982,,,,
                   4.184                     ,-6.7141726,,,,
               4.1880002                     ,-6.7321184,,,,
               4.1919999                     ,-6.7484774,,,,
               4.1960001                     ,-6.7630593,,,,
               4.1999998                     ,-6.7759417,,,,
                   4.204                     ,-6.7874281,,,,
               4.2080002                     ,-6.7979539,,,,
               4.2119999                     ,-6.8079716,,,,
               4.2160001                      ,-6.817823,,,,
               4.2199998                     ,-6.8276345,,,,
                   4.224                     ,-6.8372408,,,,
               4.2280002                     ,-6.8461634,,,,
               4.2319999                     ,-6.8536329,,,,
               4.2360001                     ,-6.8586659,,,,
               4.2399998                     ,-6.8601734,,,,
                   4.244                     ,-6.8570808,,,,
               4.2480001                     ,-6.8484401,,,,
               4.2519999                      ,-6.833505,,,,
                   4.256                     ,-6.8117579,,,,
               4.2600002                     ,-6.7828809,,,,
               4.2639999                     ,-6.7466747,,,,
               4.2680001                     ,-6.7029557,,,,
               4.2719998                     ,-6.6514375,,,,
                   4.276                     ,-6.5916556,,,,
               4.2800002                     ,-6.5229383,,,,
               4.2839999                     ,-6.4444451,,,,
               4.2880001                     ,-6.3552812,,,,
               4.2919998                     ,-6.2546699,,,,
                   4.296                     ,-6.1421522,,,,
               4.3000002                     ,-6.0177767,,,,
               4.3039999                     ,-5.8822407,,,,
               4.3080001                     ,-5.7369478,,,,
               4.3119998                      ,-5.583973,,,,
                   4.316                     ,-5.4259348,,,,
               4.3200002                     ,-5.2657924,,,,
               4.3239999                     ,-5.1066296,,,,
               4.3280001                     ,-4.9514192,,,,
               4.3319998                     ,-4.8028329,,,,
                   4.336                     ,-4.6630946,,,,
               4.3400002                     ,-4.5338927,,,,
               4.3439999                     ,-4.4163519,,,,
                   4.348                     ,-4.3110543,,,,
               4.3520002                     ,-4.2180899,,,,
               4.3559999                     ,-4.1371608,,,,
               4.3600001                     ,-4.0676744,,,,
               4.3639998                     ,-4.0088599,,,,
                   4.368                     ,-3.9598645,,,,
               4.3720002                     ,-3.9198403,,,,
               4.3759999                      ,-3.888005,,,,
               4.3800001                     ,-3.8636693,,,,
               4.3839998                     ,-3.8462362,,,,
                   4.388                     ,-3.8351815,,,,
               4.3920002                     ,-3.8300124,,,,
               4.3959999                     ,-3.8302248,,,,
               4.4000001                     ,-3.8352598,,,,
               4.4039998                     ,-3.8444863,,,,
                   4.408                     ,-3.8571891,,,,
               4.4120002                     ,-3.8726003,,,,
               4.4159999                     ,-3.8899391,,,,
               4.4200001                     ,-3.9084699,,,,
               4.4239998                     ,-3.9275709,,,,
                   4.428                     ,-3.9467819,,,,
               4.4320002                     ,-3.9658525,,,,
               4.4359999                     ,-3.9847426,,,,
               4.4400001                     ,-4.0036048,,,,
               4.4439998                     ,-4.0227277,,,,
                   4.448                     ,-4.0424681,,,,
               4.4520001                     ,-4.0631653,,,,
               4.4559999                      ,-4.085065,,,,
                    4.46                     ,-4.1082611,,,,
               4.4640002                     ,-4.1326628,,,,
               4.4679999                     ,-4.1579988,,,,
               4.4720001                     ,-4.1838576,,,,
               4.4759998                     ,-4.2097458,,,,
                    4.48                     ,-4.2351783,,,,
               4.4840002                     ,-4.2597603,,,,
               4.4879999                     ,-4.2832629,,,,
               4.4920001                       ,-4.30566,,,,
               4.4959998                     ,-4.3271509,,,,
                     4.5                     ,-4.3481198,,,,
               4.5040002                     ,-4.3690759,,,,
               4.5079999                     ,-4.3905683,,,,
               4.5120001                     ,-4.4130886,,,,
               4.5159998                     ,-4.4369863,,,,
                    4.52                     ,-4.4624088,,,,
               4.5240002                     ,-4.4892737,,,,
               4.5279999                     ,-4.5172807,,,,
               4.5320001                     ,-4.5459632,,,,
               4.5359998                     ,-4.5747741,,,,
                    4.54                     ,-4.6031785,,,,
               4.5440001                     ,-4.6307548,,,,
               4.5479999                      ,-4.657277,,,,
                   4.552                     ,-4.6827575,,,,
               4.5560002                     ,-4.7074563,,,,
               4.5599999                     ,-4.7318313,,,,
               4.5640001                     ,-4.7564728,,,,
               4.5679998                     ,-4.7819902,,,,
                   4.572                     ,-4.8089193,,,,
               4.5760002                     ,-4.8376161,,,,
               4.5799999                     ,-4.8682075,,,,
               4.5840001                     ,-4.9005613,,,,
               4.5879998                     ,-4.9343123,,,,
                   4.592                     ,-4.9689311,,,,
               4.5960002                     ,-5.0038165,,,,
               4.5999999                     ,-5.0384144,,,,
               4.6040001                     ,-5.0723166,,,,
               4.6079998                     ,-5.1053562,,,,
                   4.612                       ,-5.13764,,,,
               4.6160002                     ,-5.1695419,,,,
               4.6199999                     ,-5.2016515,,,,
               4.6240001                     ,-5.2346708,,,,
               4.6279998                     ,-5.2693009,,,,
                   4.632                     ,-5.3061162,,,,
               4.6360002                     ,-5.3454705,,,,
               4.6399999                     ,-5.3874345,,,,
               4.6440001                     ,-5.4317819,,,,
               4.6479998                     ,-5.4780263,,,,
                   4.652                     ,-5.5255112,,,,
               4.6560001                     ,-5.5735223,,,,
               4.6599998                     ,-5.6214296,,,,
                   4.664                     ,-5.6688025,,,,
               4.6680002                      ,-5.715501,,,,
               4.6719999                     ,-5.7617147,,,,
               4.6760001                     ,-5.8079411,,,,
               4.6799998                      ,-5.854907,,,,
                   4.684                     ,-5.9034426,,,,
               4.6880002                     ,-5.9543408,,,,
               4.6919999                     ,-6.0082174,,,,
               4.6960001                     ,-6.0654016,,,,
               4.6999998                     ,-6.1258665,,,,
                   4.704                     ,-6.1892332,,,,
               4.7080002                     ,-6.2548235,,,,
               4.7119999                     ,-6.3217751,,,,
               4.7160001                      ,-6.389191,,,,
               4.7199998                     ,-6.4562986,,,,
                   4.724                     ,-6.5225977,,,,
               4.7280002                      ,-6.587952,,,,
               4.7319999                     ,-6.6526242,,,,
               4.7360001                     ,-6.7172259,,,,
               4.7399998                      ,-6.782601,,,,
                   4.744                      ,-6.849664,,,,
               4.7480001                     ,-6.9192137,,,,
               4.7519999                     ,-6.9917596,,,,
                   4.756                     ,-7.0673935,,,,
               4.7600002                     ,-7.1457278,,,,
               4.7639999                     ,-7.2259098,,,,
               4.7680001                     ,-7.3067195,,,,
               4.7719998                     ,-7.3867316,,,,
                   4.776                      ,-7.464526,,,,
               4.7800002                     ,-7.5388935,,,,
               4.7839999                     ,-7.6090148,,,,
               4.7880001                     ,-7.6745578,,,,
               4.7919998                     ,-7.7356725,,,,
                   4.796                     ,-7.7928908,,,,
               4.8000002                     ,-7.8469267,,,,
               4.8039999                     ,-7.8984349,,,,
               4.8080001                     ,-7.9477655,,,,
               4.8119998                     ,-7.9947641,,,,
                   4.816                     ,-8.0386575,,,,
               4.8200002                     ,-8.0780548,,,,
               4.8239999                     ,-8.1110687,,,,
               4.8280001                     ,-8.1355475,,,,
               4.8319998                     ,-8.1493798,,,,
                   4.836                     ,-8.1508125,,,,
               4.8400002                     ,-8.1387215,,,,
               4.8439999                     ,-8.1127651,,,,
                   4.848                     ,-8.0733962,,,,
               4.8520002                     ,-8.0217121,,,,
               4.8559999                     ,-7.9591939,,,,
               4.8600001                     ,-7.8873948,,,,
               4.8639998                     ,-7.8076369,,,,
                   4.868                     ,-7.7207919,,,,
               4.8720002                     ,-7.6271778,,,,
               4.8759999                     ,-7.5265948,,,,
               4.8800001                      ,-7.418476,,,,
               4.8839998                     ,-7.3021331,,,,
                   4.888                     ,-7.1770351,,,,
               4.8920002                     ,-7.0430562,,,,
               4.8959999                     ,-6.9006533,,,,
               4.9000001                     ,-6.7509178,,,,
               4.9039998                     ,-6.5955046,,,,
                   4.908                     ,-6.4364532,,,,
               4.9120002                     ,-6.2759423,,,,
               4.9159999                     ,-6.1160301,,,,
               4.9200001                     ,-5.9584262,,,,
               4.9239998                     ,-5.8043343,,,,
                   4.928                     ,-5.6543806,,,,
               4.9320002                     ,-5.5086359,,,,
               4.9359999                     ,-5.3667239,,,,
               4.9400001                     ,-5.2279834,,,,
               4.9439998                     ,-5.0916718,,,,
                   4.948                     ,-4.9571645,,,,
               4.9520001                     ,-4.8241147,,,,
               4.9559999                     ,-4.6925572,,,,
                    4.96                     ,-4.5629328,,,,
               4.9640002                     ,-4.4360304,,,,
               4.9679999                      ,-4.312864,,,,
               4.9720001                      ,-4.194515,,,,
               4.9759998                     ,-4.0819514,,,,
                    4.98                     ,-3.9758784,,,,
               4.9840002                     ,-3.8766288,,,,
               4.9879999                     ,-3.7841081,,,,
               4.9920001                     ,-3.6978122,,,,
               4.9959998                     ,-3.6169036,,,,
                       5                     ,-3.5403424,,,,
,,,,,
