Column1.1,Column1.2
               Frequency                         ,S11
                       1                     ,-1.8851941
               1.0039999                     ,-1.9028707
                   1.008                     ,-1.9205766
                   1.012                     ,-1.938425
                   1.016                     ,-1.9565366
                    1.02                     ,-1.9750341
                   1.024                     ,-1.9940379
                   1.028                     ,-2.0136634
               1.0319999                     ,-2.0340118
                   1.036                     ,-2.0551743
                    1.04                     ,-2.0772231
                   1.044                     ,-2.1002124
                   1.048                     ,-2.1241749
                   1.052                     ,-2.1491207
                   1.056                     ,-2.1750396
               1.0599999                     ,-2.2019004
                   1.064                     ,-2.2296513
                   1.068                     ,-2.2582242
                   1.072                     ,-2.287535
                   1.076                     ,-2.317488
                    1.08                     ,-2.3479821
                   1.084                     ,-2.3789106
               1.0880001                     ,-2.4101679
                   1.092                     ,-2.4416536
                   1.096                     ,-2.4732749
                     1.1                     ,-2.5049528
                   1.104                     ,-2.536624
                   1.108                     ,-2.5682419
                   1.112                     ,-2.5997828
               1.1160001                      ,-2.6312434
                    1.12                     ,-2.6626429
                   1.124                     ,-2.6940213
                   1.128                     ,-2.7254416
                   1.132                     ,-2.7569823
                   1.136                     ,-2.7887385
                    1.14                     ,-2.8208188
               1.1440001                     ,-2.8533387
                   1.148                     ,-2.8864216
                   1.152                     ,-2.9201868
                   1.156                     ,-2.9547551
                    1.16                     ,-2.9902371
                   1.164                     ,-3.0267319
                   1.168                     ,-3.0643275
               1.1720001                     ,-3.1030912
                   1.176                      ,-3.1430739
               1.1799999                      ,-3.1843043
                   1.184                     ,-3.226791
                   1.188                     ,-3.2705204
                   1.192                     ,-3.3154594
                   1.196                     ,-3.3615542
                     1.2                     ,-3.4087358
                   1.204                     ,-3.4569193
               1.2079999                      ,-3.5060077
                   1.212                     ,-3.5559004
                   1.216                     ,-3.606487
                    1.22                     ,-3.6576634
                   1.224                     ,-3.7093242
                   1.228                     ,-3.761377
                   1.232                     ,-3.8137399
               1.2359999                     ,-3.8663451
                    1.24                     ,-3.9191449
                   1.244                     ,-3.9721095
                   1.248                     ,-4.025233
                   1.252                     ,-4.0785313
                   1.256                     ,-4.1320408
                    1.26                     ,-4.1858182
               1.2640001                     ,-4.2399434
                   1.268                     ,-4.2945074
                   1.272                     ,-4.3496189
                   1.276                     ,-4.4053945
                    1.28                     ,-4.4619564
                   1.284                     ,-4.5194275
                   1.288                      ,-4.5779304
               1.2920001                     ,-4.6375817
                   1.296                     ,-4.6984842
                     1.3                     ,-4.7607283
                   1.304                     ,-4.8243874
                   1.308                     ,-4.889515
                   1.312                     ,-4.956143
                   1.316                     ,-5.0242807
               1.3200001                      ,-5.093914
                   1.324                     ,-5.1650034
               1.3279999                     ,-5.2374926
                   1.332                      ,-5.3112959
                   1.336                     ,-5.3863188
                    1.34                     ,-5.4624453
                   1.344                     ,-5.5395495
                   1.348                     ,-5.6174976
                   1.352                      ,-5.6961511
               1.3559999                     ,-5.7753742
                    1.36                     ,-5.8550341
                   1.364                     ,-5.9350083
                   1.368                     ,-6.015187
                   1.372                     ,-6.0954791
                   1.376                     ,-6.1758126
                    1.38                     ,-6.2561361
               1.3839999                     ,-6.3364248
                   1.388                     ,-6.416677
                   1.392                     ,-6.4969156
                   1.396                     ,-6.5771855
                     1.4                     ,-6.657554
                   1.404                     ,-6.7381065
                   1.408                     ,-6.8189416
               1.4119999                      ,-6.9001711
                   1.416                      ,-6.9819094
                    1.42                     ,-7.064275
                   1.424                      ,-7.147381
                   1.428                     ,-7.2313347
                   1.432                     ,-7.3162278
                   1.436                     ,-7.4021366
               1.4400001                     ,-7.4891156
                   1.444                     ,-7.5771959
                   1.448                     ,-7.6663829
                   1.452                     ,-7.7566504
                   1.456                     ,-7.8479474
                    1.46                     ,-7.9401914
                   1.464                     ,-8.0332718
               1.4680001                     ,-8.1270489
                   1.472                      ,-8.2213627
                   1.476                     ,-8.3160293
                    1.48                     ,-8.4108472
                   1.484                     ,-8.5056036
                   1.488                     ,-8.6000785
                   1.492                      ,-8.6940472
               1.4960001                     ,-8.7872921
                     1.5                     ,-8.879601
               1.5039999                      ,-8.9707801
                   1.508                     ,-9.0606535
                   1.512                     ,-9.1490684
                   1.516                     ,-9.2359031
                    1.52                     ,-9.3210631
                   1.524                      ,-9.4044888
                   1.528                      ,-9.4861524
               1.5319999                     ,-9.5660592
                   1.536                     ,-9.6442449
                    1.54                     ,-9.7207719
                   1.544                     ,-9.7957283
                   1.548                     ,-9.8692219
                   1.552                     ,-9.9413708
                   1.556                     ,-10.012304
               1.5599999                     ,-10.082153
                   1.564                     ,-10.151046
                   1.568                     ,-10.219098
                   1.572                     ,-10.286413
                   1.576                     ,-10.353073
                    1.58                     ,-10.419132
                   1.584                     ,-10.484622
               1.5880001                     ,-10.549538
                   1.592                     ,-10.613847
                   1.596                     ,-10.677479
                     1.6                     ,-10.740334
                   1.604                      ,-10.802276
                   1.608                     ,-10.863142
                   1.612                     ,-10.922744
               1.6160001                     ,-10.980871
                    1.62                     ,-11.037298
                   1.624                     ,-11.091789
                   1.628                     ,-11.144106
                   1.632                     ,-11.194017
                   1.636                     ,-11.241301
                    1.64                     ,-11.285757
               1.6440001                     ,-11.327212
                   1.648                     ,-11.365528
                   1.652                     ,-11.400604
                   1.656                     ,-11.432383
                    1.66                     ,-11.460857
                   1.664                     ,-11.486064
                   1.668                     ,-11.508092
               1.6720001                     ,-11.527074
                   1.676                     ,-11.543188
               1.6799999                     ,-11.556649
                   1.684                     ,-11.567704
                   1.688                     ,-11.576625
                   1.692                     ,-11.583699
                   1.696                     ,-11.589225
                     1.7                     ,-11.593499
                   1.704                     ,-11.596808
               1.7079999                     ,-11.599423
                   1.712                     ,-11.60159
                   1.716                     ,-11.603524
                    1.72                     ,-11.605403
                   1.724                     ,-11.607364
                   1.728                     ,-11.609495
                   1.732                     ,-11.611846
               1.7359999                     ,-11.614408
                    1.74                     ,-11.617136
                   1.744                     ,-11.619934
                   1.748                     ,-11.622669
                   1.752                     ,-11.625169
                   1.756                     ,-11.627236
                    1.76                     ,-11.62865
               1.7640001                     ,-11.629179
                   1.768                     ,-11.628586
                   1.772                     ,-11.626644
                   1.776                     ,-11.62314
                    1.78                     ,-11.617887
                   1.784                     ,-11.610736
                   1.788                     ,-11.60158
               1.7920001                     ,-11.590361
                   1.796                     ,-11.577077
                     1.8                     ,-11.561779
                   1.804                     ,-11.544578
                   1.808                     ,-11.52564
                   1.812                     ,-11.505179
                   1.816                      ,-11.483455
               1.8200001                     ,-11.460763
                   1.824                     ,-11.437427
               1.8279999                     ,-11.413786
                   1.832                     ,-11.390184
                   1.836                     ,-11.36696
                    1.84                     ,-11.34444
                   1.844                     ,-11.322917
                   1.848                     ,-11.302655
                   1.852                     ,-11.283871
               1.8559999                     ,-11.266728
                    1.86                     ,-11.25134
                   1.864                      ,-11.237755
                   1.868                     ,-11.225962
                   1.872                     ,-11.215888
                   1.876                     ,-11.207399
                    1.88                      ,-11.200306
               1.8839999                     ,-11.194371
                   1.888                     ,-11.189311
                   1.892                      ,-11.18481
                   1.896                     ,-11.18053
                     1.9                     ,-11.176125
                   1.904                     ,-11.171247
                   1.908                     ,-11.165568
               1.9119999                      ,-11.15879
                   1.916                     ,-11.150658
                    1.92                     ,-11.140967
                   1.924                     ,-11.129583
                   1.928                     ,-11.116436
                   1.932                     ,-11.101539
                   1.936                     ,-11.084976
               1.9400001                      ,-11.066912
                   1.944                      ,-11.047577
                   1.948                     ,-11.027264
                   1.952                     ,-11.006319
                   1.956                     ,-10.985128
                    1.96                     ,-10.964098
                   1.964                      ,-10.943648
               1.9680001                     ,-10.924192
                   1.972                     ,-10.906122
                   1.976                     ,-10.889796
                    1.98                     ,-10.875523
                   1.984                     ,-10.863554
                   1.988                     ,-10.85407
                   1.992                     ,-10.847174
               1.9960001                      ,-10.84289
                       2                      ,-10.841151
               2.0039999                     ,-10.841808
               2.0079999                     ,-10.844625
               2.0120001                     ,-10.849289
                   2.016                      ,-10.855415
                    2.02                     ,-10.862557
               2.0239999                     ,-10.87022
               2.0280001                     ,-10.877883
               2.0320001                     ,-10.885008
                   2.036                     ,-10.891069
                    2.04                     ,-10.895569
               2.0439999                     ,-10.898062
               2.0480001                     ,-10.898174
                   2.052                     ,-10.895622
                   2.056                     ,-10.890227
               2.0599999                     ,-10.881932
               2.0639999                     ,-10.870792
               2.0680001                     ,-10.856994
                   2.072                     ,-10.840837
                   2.076                     ,-10.822726
               2.0799999                     ,-10.803156
               2.0840001                     ,-10.782691
               2.0880001                     ,-10.76194
                   2.092                      ,-10.741531
                   2.096                     ,-10.722089
               2.0999999                      ,-10.704199
               2.1040001                     ,-10.688391
                   2.108                     ,-10.675107
                   2.112                     ,-10.664679
               2.1159999                     ,-10.657312
               2.1199999                     ,-10.653053
               2.1240001                     ,-10.651792
                   2.128                      ,-10.65323
                   2.132                     ,-10.656883
               2.1359999                     ,-10.662072
               2.1400001                     ,-10.667924
               2.1440001                     ,-10.673381
                   2.148                     ,-10.677213
                   2.152                     ,-10.678053
               2.1559999                     ,-10.674425
               2.1600001                     ,-10.664799
                   2.164                     ,-10.647641
                   2.168                     ,-10.62149
               2.1719999                     ,-10.585021
               2.1760001                     ,-10.537127
               2.1800001                     ,-10.47697
                   2.184                     ,-10.40405
                   2.188                     ,-10.318241
               2.1919999                      ,-10.219799
               2.1960001                     ,-10.109365
                     2.2                     ,-9.9879366
                   2.204                     ,-9.8568177
               2.2079999                     ,-9.7175648
               2.2119999                     ,-9.5719163
               2.2160001                     ,-9.4217256
                    2.22                     ,-9.2688954
                   2.224                     ,-9.1153186
               2.2279999                     ,-8.9628336
               2.2320001                      ,-8.8131838
               2.2360001                     ,-8.6679907
                    2.24                     ,-8.5287354
                   2.244                     ,-8.3967495
               2.2479999                     ,-8.2732159
               2.2520001                     ,-8.1591623
                   2.256                     ,-8.0554745
                    2.26                     ,-7.9628994
               2.2639999                     ,-7.8820537
               2.2679999                     ,-7.8134356
               2.2720001                      ,-7.75743
                   2.276                     ,-7.7143198
                    2.28                     ,-7.6842937
               2.2839999                      ,-7.6674499
               2.2880001                      ,-7.6638045
               2.2920001                     ,-7.6732959
                   2.296                     ,-7.6957882
                     2.3                     ,-7.7310751
               2.3039999                     ,-7.7788831
               2.3080001                     ,-7.8388726
                   2.312                     ,-7.9106409
                   2.316                     ,-7.9937253
               2.3199999                     ,-8.0876044
               2.3239999                     ,-8.1917026
               2.3280001                     ,-8.3053923
                   2.332                     ,-8.4280034
                   2.336                     ,-8.5588265
               2.3399999                     ,-8.6971224
               2.3440001                     ,-8.8421341
                   2.348                     ,-8.9931006
                   2.352                     ,-9.1492667
               2.3559999                     ,-9.3099031
               2.3599999                     ,-9.4743251
               2.3640001                     ,-9.6419059
                   2.368                     ,-9.8121019
                   2.372                     ,-9.9844626
               2.3759999                       ,-10.158655
               2.3800001                     ,-10.334468
               2.3840001                     ,-10.51183
                   2.388                     ,-10.690807
                   2.392                     ,-10.871612
               2.3959999                     ,-11.054591
               2.4000001                     ,-11.240215
                   2.404                     ,-11.429074
                   2.408                     ,-11.62185
               2.4119999                     ,-11.819299
               2.4159999                     ,-12.022223
               2.4200001                     ,-12.231445
                   2.424                     ,-12.447777
                   2.428                     ,-12.671986
               2.4319999                     ,-12.904767
               2.4360001                     ,-13.146691
               2.4400001                     ,-13.398177
                   2.444                     ,-13.659431
                   2.448                     ,-13.930402
               2.4519999                     ,-14.210709
               2.4560001                     ,-14.499577
                    2.46                     ,-14.795745
                   2.464                     ,-15.097382
               2.4679999                     ,-15.401987
               2.4719999                     ,-15.706297
               2.4760001                     ,-16.00622
                    2.48                     ,-16.296794
                   2.484                     ,-16.572231
               2.4879999                      ,-16.826055
               2.4920001                     ,-17.05137
               2.4960001                     ,-17.241297
                     2.5                     ,-17.3895
               2.5039999                     ,-17.490818
               2.5079999                     ,-17.541829
               2.5120001                      ,-17.541263
                   2.516                     ,-17.490152
                    2.52                     ,-17.391675
               2.5239999                     ,-17.250746
               2.5280001                     ,-17.073448
               2.5320001                     ,-16.866418
                   2.536                     ,-16.636315
                    2.54                     ,-16.389402
               2.5439999                     ,-16.13129
               2.5480001                     ,-15.866804
                   2.552                     ,-15.599953
                   2.556                     ,-15.333972
               2.5599999                     ,-15.071398
               2.5639999                     ,-14.814167
               2.5680001                     ,-14.563716
                   2.572                     ,-14.321069
                   2.576                     ,-14.086926
               2.5799999                      ,-13.861735
               2.5840001                     ,-13.645744
               2.5880001                     ,-13.439055
                   2.592                     ,-13.241662
                   2.596                      ,-13.053482
               2.5999999                     ,-12.874376
               2.6040001                       ,-12.704169
                   2.608                     ,-12.542663
                   2.612                     ,-12.389643
               2.6159999                     ,-12.244888
               2.6199999                     ,-12.108169
               2.6240001                     ,-11.979256
                   2.628                     ,-11.857912
                   2.632                     ,-11.7439
               2.6359999                     ,-11.63697
               2.6400001                     ,-11.536869
               2.6440001                     ,-11.443327
                   2.648                      ,-11.356065
                   2.652                     ,-11.274784
               2.6559999                     ,-11.19917
               2.6600001                     ,-11.128889
                   2.664                     ,-11.063586
                   2.668                     ,-11.002886
               2.6719999                     ,-10.946401
               2.6760001                     ,-10.893719
               2.6800001                     ,-10.84442
                   2.684                     ,-10.79807
                   2.688                     ,-10.754233
               2.6919999                     ,-10.712468
               2.6960001                     ,-10.672339
                     2.7                     ,-10.633423
                   2.704                     ,-10.59531
               2.7079999                     ,-10.557613
               2.7119999                     ,-10.519969
               2.7160001                     ,-10.482051
                    2.72                     ,-10.44356
                   2.724                     ,-10.404239
               2.7279999                     ,-10.363866
               2.7320001                     ,-10.322258
               2.7360001                       ,-10.279266
                    2.74                      ,-10.234773
                   2.744                     ,-10.188696
               2.7479999                     ,-10.140968
               2.7520001                     ,-10.091547
                   2.756                     ,-10.040395
                    2.76                      ,-9.9874839
               2.7639999                     ,-9.9327827
               2.7679999                     ,-9.8762544
               2.7720001                     ,-9.8178481
                   2.776                     ,-9.7574986
                    2.78                     ,-9.6951255
               2.7839999                      ,-9.6306249
               2.7880001                      ,-9.5638771
               2.7920001                     ,-9.4947447
                   2.796                     ,-9.4230766
                     2.8                     ,-9.3487152
               2.8039999                     ,-9.2714953
               2.8080001                      ,-9.1912589
                   2.812                     ,-9.1078586
                   2.816                     ,-9.021162
               2.8199999                     ,-8.9310632
               2.8239999                      ,-8.8374871
               2.8280001                     ,-8.7403955
                   2.832                     ,-8.6397924
                   2.836                     ,-8.5357264
               2.8399999                     ,-8.4282909
               2.8440001                     ,-8.3176261
                   2.848                     ,-8.2039164
                   2.852                     ,-8.087386
               2.8559999                     ,-7.9682979
               2.8599999                     ,-7.8469428
               2.8640001                     ,-7.7236374
                   2.868                     ,-7.5987148
                   2.872                     ,-7.4725195
               2.8759999                     ,-7.3454002
               2.8800001                     ,-7.2177
               2.8840001                     ,-7.0897545
                   2.888                     ,-6.9618846
                   2.892                     ,-6.8343927
               2.8959999                     ,-6.7075586
               2.9000001                     ,-6.5816387
                   2.904                     ,-6.4568596
                   2.908                     ,-6.3334261
               2.9119999                     ,-6.2115103
               2.9159999                     ,-6.0912627
               2.9200001                      ,-5.972805
                   2.924                     ,-5.8562379
                   2.928                     ,-5.7416404
               2.9319999                     ,-5.6290734
               2.9360001                     ,-5.5185835
               2.9400001                     ,-5.4101988
                   2.944                     ,-5.3039448
                   2.948                     ,-5.1998348
               2.9519999                     ,-5.0978772
               2.9560001                      ,-4.9980797
                    2.96                     ,-4.9004479
                   2.964                     ,-4.8049856
               2.9679999                     ,-4.7117034
               2.9719999                     ,-4.6206118
               2.9760001                     ,-4.5317229
                    2.98                     ,-4.4450548
                   2.984                        ,-4.3606284
               2.9879999                     ,-4.2784661
               2.9920001                     ,-4.1985908
               2.9960001                     ,-4.1210289
                       3                     ,-4.0458041
               3.0039999                     ,-3.9729406
               3.0079999                     ,-3.902456
               3.0120001                     ,-3.8343659
                   3.016                     ,-3.7686801
                    3.02                     ,-3.7053998
               3.0239999                      ,-3.6445186
               3.0280001                     ,-3.5860239
               3.0320001                     ,-3.5298909
                   3.036                     ,-3.4760868
                    3.04                     ,-3.4245678
               3.0439999                     ,-3.375282
               3.0480001                     ,-3.3281681
                   3.052                     ,-3.2831552
                   3.056                     ,-3.2401677
               3.0599999                     ,-3.199122
               3.0639999                     ,-3.1599305
               3.0680001                     ,-3.1225008
                   3.072                     ,-3.0867424
                   3.076                     ,-3.0525617
               3.0799999                     ,-3.0198685
               3.0840001                     ,-2.988575
               3.0880001                     ,-2.9585991
                   3.092                     ,-2.9298662
                   3.096                     ,-2.9023061
               3.0999999                     ,-2.8758588
               3.1040001                     ,-2.8504726
                   3.108                     ,-2.8261062
                   3.112                      ,-2.8027264
               3.1159999                     ,-2.7803107
               3.1199999                     ,-2.7588441
               3.1240001                     ,-2.7383197
                   3.128                     ,-2.7187369
                   3.132                     ,-2.7001028
               3.1359999                     ,-2.6824265
               3.1400001                     ,-2.6657208
               3.1440001                     ,-2.6500002
                   3.148                      ,-2.6352778
                   3.152                     ,-2.6215668
               3.1559999                     ,-2.6088761
               3.1600001                     ,-2.5972114
                   3.164                      ,-2.5865706
                   3.168                     ,-2.5769496
               3.1719999                     ,-2.5683364
               3.1760001                     ,-2.5607103
               3.1800001                     ,-2.554048
                   3.184                     ,-2.5483165
                   3.188                      ,-2.5434785
               3.1919999                     ,-2.5394915
               3.1960001                     ,-2.5363108
                     3.2                     ,-2.5338875
                   3.204                     ,-2.532172
               3.2079999                     ,-2.531113
               3.2119999                     ,-2.5306647
               3.2160001                     ,-2.5307803
                    3.22                     ,-2.5314204
                   3.224                     ,-2.5325485
               3.2279999                     ,-2.5341372
               3.2320001                     ,-2.5361637
               3.2360001                     ,-2.5386139
                    3.24                     ,-2.541485
                   3.244                     ,-2.544778
               3.2479999                     ,-2.5485027
               3.2520001                     ,-2.5526774
                   3.256                     ,-2.5573276
                    3.26                     ,-2.5624805
               3.2639999                     ,-2.5681727
               3.2679999                     ,-2.5744384
               3.2720001                     ,-2.581317
                   3.276                     ,-2.5888458
                    3.28                     ,-2.5970617
               3.2839999                      ,-2.6059974
               3.2880001                     ,-2.6156829
               3.2920001                     ,-2.626142
                   3.296                     ,-2.6373922
                     3.3                     ,-2.6494444
               3.3039999                     ,-2.6623017
               3.3080001                      ,-2.6759615
                   3.312                      ,-2.6904111
                   3.316                     ,-2.7056342
               3.3199999                     ,-2.7216063
               3.3239999                     ,-2.7382986
               3.3280001                     ,-2.7556775
                   3.332                     ,-2.7737069
                   3.336                     ,-2.7923484
               3.3399999                     ,-2.8115664
               3.3440001                      ,-2.8313222
                   3.348                      ,-2.8515841
                   3.352                     ,-2.8723211
               3.3559999                     ,-2.8935108
               3.3599999                     ,-2.9151336
               3.3640001                     ,-2.9371791
                   3.368                     ,-2.9596431
                   3.372                     ,-2.9825282
               3.3759999                      ,-3.0058451
               3.3800001                     ,-3.0296113
               3.3840001                     ,-3.0538497
                   3.388                     ,-3.0785879
                   3.392                     ,-3.1038574
               3.3959999                      ,-3.1296931
               3.4000001                     ,-3.1561294
                   3.404                     ,-3.183202
                   3.408                     ,-3.2109393
               3.4119999                     ,-3.2393722
               3.4159999                     ,-3.268522
               3.4200001                     ,-3.2984056
                   3.424                     ,-3.3290298
                   3.428                     ,-3.3603953
               3.4319999                     ,-3.3924913
               3.4360001                     ,-3.4252994
               3.4400001                     ,-3.4587918
                   3.444                     ,-3.492931
                   3.448                     ,-3.5276729
               3.4519999                     ,-3.562964
               3.4560001                     ,-3.5987446
                    3.46                     ,-3.6349518
                   3.464                     ,-3.6715196
               3.4679999                     ,-3.7083786
               3.4719999                     ,-3.7454632
               3.4760001                     ,-3.7827068
                    3.48                     ,-3.8200474
                   3.484                     ,-3.8574277
               3.4879999                     ,-3.8947974
               3.4920001                     ,-3.9321146
               3.4960001                     ,-3.9693427
                     3.5                     ,-4.0064541
               3.5039999                     ,-4.0434315
               3.5079999                      ,-4.0802624
               3.5120001                     ,-4.1169451
                   3.516                     ,-4.1534791
                    3.52                      ,-4.1898725
               3.5239999                     ,-4.2261345
               3.5280001                     ,-4.2622766
               3.5320001                     ,-4.2983083
                   3.536                     ,-4.3342377
                    3.54                     ,-4.3700678
               3.5439999                     ,-4.4057967
               3.5480001                      ,-4.4414159
                   3.552                     ,-4.4769078
                   3.556                      ,-4.5122434
               3.5599999                     ,-4.5473875
               3.5639999                     ,-4.5822959
               3.5680001                     ,-4.6169106
                   3.572                     ,-4.6511689
                   3.576                     ,-4.6850003
               3.5799999                     ,-4.7183283
               3.5840001                     ,-4.7510704
               3.5880001                     ,-4.7831481
                   3.592                     ,-4.8144785
                   3.596                     ,-4.8449814
               3.5999999                     ,-4.874586
               3.6040001                     ,-4.9032234
                   3.608                     ,-4.9308382
                   3.612                     ,-4.9573824
               3.6159999                     ,-4.9828251
               3.6199999                     ,-5.0071425
               3.6240001                     ,-5.0303285
                   3.628                     ,-5.0523882
                   3.632                     ,-5.0733385
               3.6359999                     ,-5.0932096
               3.6400001                     ,-5.1120417
               3.6440001                     ,-5.1298801
                   3.648                     ,-5.1467789
                   3.652                     ,-5.1627951
               3.6559999                     ,-5.1779843
               3.6600001                     ,-5.1924041
                   3.664                     ,-5.2061064
                   3.668                     ,-5.2191357
               3.6719999                     ,-5.2315335
               3.6760001                     ,-5.2433274
               3.6800001                     ,-5.2545383
                   3.684                     ,-5.2651731
                   3.688                     ,-5.2752334
               3.6919999                     ,-5.2847056
               3.6960001                     ,-5.2935693
                     3.7                     ,-5.3017979
                   3.704                      ,-5.3093554
               3.7079999                     ,-5.3162025
               3.7119999                     ,-5.3223022
               3.7160001                     ,-5.3276135
                    3.72                     ,-5.3320993
                   3.724                     ,-5.335729
               3.7279999                     ,-5.3384801
               3.7320001                     ,-5.3403361
               3.7360001                     ,-5.3412953
                    3.74                     ,-5.3413643
                   3.744                     ,-5.3405643
               3.7479999                     ,-5.3389262
               3.7520001                     ,-5.3364946
                   3.756                     ,-5.3333254
                    3.76                     ,-5.3294799
               3.7639999                     ,-5.3250325
               3.7679999                     ,-5.320058
               3.7720001                     ,-5.3146372
                   3.776                     ,-5.30885
                    3.78                     ,-5.3027752
               3.7839999                     ,-5.2964886
               3.7880001                     ,-5.2900535
               3.7920001                     ,-5.2835327
                   3.796                     ,-5.2769749
                     3.8                     ,-5.2704161
               3.8039999                     ,-5.2638824
               3.8080001                     ,-5.2573884
                   3.812                     ,-5.2509351
                   3.816                     ,-5.2445116
               3.8199999                     ,-5.2380979
               3.8239999                     ,-5.2316634
               3.8280001                      ,-5.2251721
                   3.832                     ,-5.2185845
                   3.836                     ,-5.211851
               3.8399999                     ,-5.2049328
               3.8440001                     ,-5.1977833
                   3.848                     ,-5.1903663
                   3.852                     ,-5.1826501
               3.8559999                     ,-5.1746121
               3.8599999                     ,-5.166238
               3.8640001                     ,-5.1575231
                   3.868                     ,-5.1484791
                   3.872                      ,-5.1391255
               3.8759999                     ,-5.1294921
               3.8800001                       ,-5.119622
               3.8840001                     ,-5.1095655
                   3.888                     ,-5.0993806
                   3.892                     ,-5.0891296
               3.8959999                     ,-5.0788802
               3.9000001                     ,-5.0687006
                   3.904                     ,-5.0586557
                   3.908                     ,-5.0488089
               3.9119999                     ,-5.0392169
               3.9159999                     ,-5.0299283
               3.9200001                     ,-5.0209834
                   3.924                     ,-5.0124089
                   3.928                     ,-5.004224
               3.9319999                     ,-4.9964343
               3.9360001                     ,-4.9890326
               3.9400001                      ,-4.982001
                   3.944                     ,-4.9753109
                   3.948                     ,-4.9689245
               3.9519999                     ,-4.9627965
               3.9560001                     ,-4.9568742
                    3.96                     ,-4.9511042
                   3.964                      ,-4.9454285
               3.9679999                     ,-4.9397924
               3.9719999                     ,-4.9341426
               3.9760001                     ,-4.9284344
                    3.98                     ,-4.9226247
                   3.984                      ,-4.916687
               3.9879999                     ,-4.9105973
               3.9920001                     ,-4.9043473
               3.9960001                     ,-4.8979404
                       4                     ,-4.891387
               4.0040002                     ,-4.8847141
               4.0079999                     ,-4.8779545
               4.0120001                     ,-4.8711525
               4.0159998                     ,-4.8643568
                    4.02                     ,-4.8576218
               4.0240002                     ,-4.8510047
               4.0279999                     ,-4.844565
               4.0320001                      ,-4.8383554
               4.0359998                     ,-4.8324297
                    4.04                     ,-4.8268327
               4.0440001                      ,-4.8215985
               4.0479999                     ,-4.816755
                   4.052                     ,-4.8123166
               4.0560002                     ,-4.8082843
               4.0599999                     ,-4.8046472
               4.0640001                     ,-4.8013813
               4.0679998                     ,-4.7984462
                   4.072                     ,-4.7957912
               4.0760002                     ,-4.7933555
               4.0799999                     ,-4.7910626
               4.0840001                     ,-4.7888317
               4.0879998                      ,-4.786572
                   4.092                     ,-4.784189
               4.0960002                     ,-4.7815849
               4.0999999                     ,-4.7786594
               4.1040001                      ,-4.7753162
               4.1079998                     ,-4.7714612
                   4.112                     ,-4.7670057
               4.1160002                     ,-4.7618664
               4.1199999                     ,-4.7559703
               4.1240001                     ,-4.7492554
               4.1279998                     ,-4.7416699
                   4.132                      ,-4.7331705
               4.1360002                     ,-4.7237301
               4.1399999                     ,-4.7133324
               4.1440001                     ,-4.7019729
               4.1479998                     ,-4.6896577
                   4.152                      ,-4.6764071
               4.1560001                     ,-4.6622517
               4.1599998                     ,-4.6472305
                   4.164                     ,-4.6313952
               4.1680002                     ,-4.6148069
               4.1719999                     ,-4.5975316
               4.1760001                     ,-4.5796486
               4.1799998                     ,-4.5612419
                   4.184                     ,-4.5424065
               4.1880002                     ,-4.5232435
               4.1919999                      ,-4.5038602
               4.1960001                      ,-4.4843714
               4.1999998                     ,-4.4649
                   4.204                     ,-4.445575
               4.2080002                     ,-4.4265313
               4.2119999                     ,-4.4079089
               4.2160001                     ,-4.3898515
               4.2199998                     ,-4.3725093
                   4.224                     ,-4.356032
               4.2280002                     ,-4.3405726
               4.2319999                     ,-4.3262824
               4.2360001                     ,-4.3133115
               4.2399998                     ,-4.3018025
                   4.244                     ,-4.2918955
               4.2480001                     ,-4.2837194
               4.2519999                     ,-4.2773931
                   4.256                     ,-4.2730205
               4.2600002                     ,-4.2706906
               4.2639999                     ,-4.2704754
               4.2680001                     ,-4.2724256
               4.2719998                     ,-4.2765713
                   4.276                     ,-4.2829191
               4.2800002                     ,-4.2914508
               4.2839999                     ,-4.3021253
               4.2880001                     ,-4.3148726
               4.2919998                     ,-4.3296019
                   4.296                     ,-4.346196
               4.3000002                     ,-4.3645177
               4.3039999                        ,-4.3844052
               4.3080001                      ,-4.4056834
               4.3119998                     ,-4.4281586
                   4.316                     ,-4.4516311
               4.3200002                     ,-4.4758887
               4.3239999                     ,-4.5007195
               4.3280001                      ,-4.525919
               4.3319998                     ,-4.5512828
                   4.336                     ,-4.5766232
               4.3400002                     ,-4.6017706
               4.3439999                     ,-4.6265738
                   4.348                     ,-4.6509092
               4.3520002                     ,-4.6746832
               4.3559999                     ,-4.6978303
               4.3600001                     ,-4.7203166
               4.3639998                     ,-4.7421407
                   4.368                     ,-4.7633323
               4.3720002                     ,-4.7839508
               4.3759999                     ,-4.8040807
               4.3800001                     ,-4.8238271
               4.3839998                     ,-4.8433161
                   4.388                     ,-4.8626833
               4.3920002                     ,-4.8820725
               4.3959999                     ,-4.9016279
               4.4000001                      ,-4.9214912
               4.4039998                     ,-4.9417926
                   4.408                     ,-4.9626495
               4.4120002                     ,-4.9841581
               4.4159999                     ,-5.0063952
               4.4200001                     ,-5.0294091
               4.4239998                     ,-5.0532244
                   4.428                     ,-5.0778359
               4.4320002                      ,-5.1032106
               4.4359999                     ,-5.1292902
               4.4400001                     ,-5.1559927
               4.4439998                     ,-5.1832109
                   4.448                     ,-5.2108268
               4.4520001                     ,-5.2387053
               4.4559999                     ,-5.2667052
                    4.46                     ,-5.2946854
               4.4640002                     ,-5.3225066
               4.4679999                     ,-5.3500412
               4.4720001                     ,-5.377178
               4.4759998                     ,-5.4038226
                    4.48                     ,-5.4299087
               4.4840002                     ,-5.4553977
               4.4879999                     ,-5.4802775
               4.4920001                     ,-5.50457
               4.4959998                     ,-5.528327
                     4.5                     ,-5.551628
               4.5040002                     ,-5.57458
               4.5079999                     ,-5.5973095
               4.5120001                     ,-5.6199619
               4.5159998                     ,-5.6426954
                    4.52                     ,-5.6656701
               4.5240002                     ,-5.689047
               4.5279999                     ,-5.7129808
               4.5320001                     ,-5.7376125
               4.5359998                     ,-5.7630614
                    4.54                     ,-5.7894265
               4.5440001                     ,-5.8167759
               4.5479999                     ,-5.8451501
                   4.552                     ,-5.8745537
               4.5560002                     ,-5.9049584
               4.5599999                     ,-5.9363051
               4.5640001                     ,-5.9684976
               4.5679998                     ,-6.0014176
                   4.572                     ,-6.0349197
               4.5760002                      ,-6.0688392
               4.5799999                     ,-6.1029982
               4.5840001                     ,-6.137215
               4.5879998                     ,-6.1713081
                   4.592                     ,-6.2051027
               4.5960002                       ,-6.2384434
               4.5999999                      ,-6.2711934
               4.6040001                      ,-6.3032493
               4.6079998                       ,-6.3345368
                   4.612                     ,-6.3650197
               4.6160002                     ,-6.3947035
               4.6199999                     ,-6.4236294
               4.6240001                     ,-6.4518777
               4.6279998                      ,-6.4795653
                   4.632                     ,-6.5068366
               4.6360002                     ,-6.5338611
               4.6399999                     ,-6.5608248
               4.6440001                     ,-6.587925
               4.6479998                     ,-6.6153562
                   4.652                     ,-6.6433077
               4.6560001                     ,-6.6719495
               4.6599998                     ,-6.7014308
                   4.664                     ,-6.731869
               4.6680002                     ,-6.763341
               4.6719999                     ,-6.7958866
               4.6760001                     ,-6.8295008
               4.6799998                     ,-6.8641284
                   4.684                     ,-6.8996722
               4.6880002                      ,-6.9359896
               4.6919999                     ,-6.9728963
               4.6960001                     ,-7.0101765
               4.6999998                     ,-7.0475826
                   4.704                     ,-7.0848528
               4.7080002                     ,-7.1217116
               4.7119999                     ,-7.1578848
               4.7160001                     ,-7.1931115
               4.7199998                     ,-7.2271509
                   4.724                     ,-7.2597963
               4.7280002                     ,-7.2908799
               4.7319999                     ,-7.3202814
               4.7360001                     ,-7.3479359
               4.7399998                     ,-7.3738348
                   4.744                     ,-7.3980245
               4.7480001                      ,-7.4206044
               4.7519999                     ,-7.4417265
                   4.756                     ,-7.4615833
               4.7600002                     ,-7.4803985
               4.7639999                     ,-7.498418
               4.7680001                      ,-7.5158995
               4.7719998                      ,-7.5330963
                   4.776                     ,-7.5502469
               4.7800002                     ,-7.5675652
               4.7839999                     ,-7.5852227
               4.7880001                     ,-7.6033496
               4.7919998                     ,-7.6220163
                   4.796                     ,-7.6412368
               4.8000002                     ,-7.6609578
               4.8039999                     ,-7.6810649
               4.8080001                     ,-7.7013788
               4.8119998                     ,-7.7216644
                   4.816                     ,-7.7416328
               4.8200002                     ,-7.7609559
               4.8239999                     ,-7.7792767
               4.8280001                     ,-7.7962207
               4.8319998                     ,-7.8114137
                   4.836                     ,-7.8244953
               4.8400002                     ,-7.8351392
               4.8439999                     ,-7.8430601
                   4.848                     ,-7.8480363
               4.8520002                     ,-7.8499128
               4.8559999                     ,-7.8486152
               4.8600001                     ,-7.8441523
               4.8639998                     ,-7.8366116
                   4.868                      ,-7.826164
               4.8720002                     ,-7.813052
               4.8759999                     ,-7.7975768
               4.8800001                     ,-7.780091
               4.8839998                     ,-7.7609779
                   4.888                     ,-7.7406387
               4.8920002                     ,-7.7194722
               4.8959999                     ,-7.6978611
               4.9000001                     ,-7.6762511
               4.9039998                     ,-7.6546411
                   4.908                     ,-7.6330311
               4.9120002                     ,-7.6114211
               4.9159999                     ,-7.5898111
               4.9200001                     ,-7.5682011
               4.9239998                     ,-7.5465911
                   4.928                     ,-7.5249811
               4.9320002                     ,-7.5033711
               4.9359999                     ,-7.4822046
               4.9400001                     ,-7.4610381
               4.9439998                     ,-7.4398716
                   4.948                     ,-7.4187051
               4.9520001                     ,-7.3975386
               4.9559999                     ,-7.3763721
                    4.96                     ,-7.3552056
               4.9640002                     ,-7.3340391
               4.9679999                     ,-7.3128726
               4.9720001                      ,-7.2917061
               4.9759998                      ,-7.2705396
                    4.98                     ,-7.2493731
               4.9840002                      ,-7.2290339
               4.9879999                     ,-7.2086947
               4.9920001                     ,-7.1883555
               4.9959998                     ,-7.1680163
                       5                     ,-7.1476771
,
